Table,1,2,3,4
countrylanguage,ABW,Dutch,T,5.3
countrylanguage,ABW,English,F,9.5
countrylanguage,ABW,Papiamento,F,76.7
countrylanguage,ABW,Spanish,F,7.4
countrylanguage,AFG,Balochi,F,0.9
countrylanguage,AFG,Dari,T,32.1
countrylanguage,AFG,Pashto,T,52.4
countrylanguage,AFG,Turkmenian,F,1.9
countrylanguage,AFG,Uzbek,F,8.8
countrylanguage,AGO,Ambo,F,2.4
countrylanguage,AGO,Chokwe,F,4.2
countrylanguage,AGO,Kongo,F,13.2
countrylanguage,AGO,Luchazi,F,2.4
countrylanguage,AGO,Luimbe-nganguela,F,5.4
countrylanguage,AGO,Luvale,F,3.6
countrylanguage,AGO,Mbundu,F,21.6
countrylanguage,AGO,Nyaneka-nkhumbi,F,5.4
countrylanguage,AGO,Ovimbundu,F,37.2
countrylanguage,AIA,English,T,0.0
countrylanguage,ALB,Albaniana,T,97.9
countrylanguage,ALB,Greek,F,1.8
countrylanguage,ALB,Macedonian,F,0.1
countrylanguage,AND,Catalan,T,32.3
countrylanguage,AND,French,F,6.2
countrylanguage,AND,Portuguese,F,10.8
countrylanguage,AND,Spanish,F,44.6
countrylanguage,ANT,Dutch,T,0.0
countrylanguage,ANT,English,F,7.8
countrylanguage,ANT,Papiamento,T,86.2
countrylanguage,ARE,Arabic,T,42.0
countrylanguage,ARE,Hindi,F,0.0
countrylanguage,ARG,Indian Languages,F,0.3
countrylanguage,ARG,Italian,F,1.7
countrylanguage,ARG,Spanish,T,96.8
countrylanguage,ARM,Armenian,T,93.4
countrylanguage,ARM,Azerbaijani,F,2.6
countrylanguage,ASM,English,T,3.1
countrylanguage,ASM,Samoan,T,90.6
countrylanguage,ASM,Tongan,F,3.1
countrylanguage,ATG,Creole English,F,95.7
countrylanguage,ATG,English,T,0.0
countrylanguage,AUS,Arabic,F,1.0
countrylanguage,AUS,Canton Chinese,F,1.1
countrylanguage,AUS,English,T,81.2
countrylanguage,AUS,German,F,0.6
countrylanguage,AUS,Greek,F,1.6
countrylanguage,AUS,Italian,F,2.2
countrylanguage,AUS,Serbo-Croatian,F,0.6
countrylanguage,AUS,Vietnamese,F,0.8
countrylanguage,AUT,Czech,F,0.2
countrylanguage,AUT,German,T,92.0
countrylanguage,AUT,Hungarian,F,0.4
countrylanguage,AUT,Polish,F,0.2
countrylanguage,AUT,Romanian,F,0.2
countrylanguage,AUT,Serbo-Croatian,F,2.2
countrylanguage,AUT,Slovene,F,0.4
countrylanguage,AUT,Turkish,F,1.5
countrylanguage,AZE,Armenian,F,2.0
countrylanguage,AZE,Azerbaijani,T,89.0
countrylanguage,AZE,Lezgian,F,2.3
countrylanguage,AZE,Russian,F,3.0
countrylanguage,BDI,French,T,0.0
countrylanguage,BDI,Kirundi,T,98.1
countrylanguage,BDI,Swahili,F,0.0
countrylanguage,BEL,Arabic,F,1.6
countrylanguage,BEL,Dutch,T,59.2
countrylanguage,BEL,French,T,32.6
countrylanguage,BEL,German,T,1.0
countrylanguage,BEL,Italian,F,2.4
countrylanguage,BEL,Turkish,F,0.9
countrylanguage,BEN,Adja,F,11.1
countrylanguage,BEN,Aizo,F,8.7
countrylanguage,BEN,Bariba,F,8.7
countrylanguage,BEN,Fon,F,39.8
countrylanguage,BEN,Ful,F,5.6
countrylanguage,BEN,Joruba,F,12.2
countrylanguage,BEN,Somba,F,6.7
countrylanguage,BFA,Busansi,F,3.5
countrylanguage,BFA,Dagara,F,3.1
countrylanguage,BFA,Dyula,F,2.6
countrylanguage,BFA,Ful,F,9.7
countrylanguage,BFA,Gurma,F,5.7
countrylanguage,BFA,Mossi,F,50.2
countrylanguage,BGD,Bengali,T,97.7
countrylanguage,BGD,Chakma,F,0.4
countrylanguage,BGD,Garo,F,0.1
countrylanguage,BGD,Khasi,F,0.1
countrylanguage,BGD,Marma,F,0.2
countrylanguage,BGD,Santhali,F,0.1
countrylanguage,BGD,Tripuri,F,0.1
countrylanguage,BGR,Bulgariana,T,83.2
countrylanguage,BGR,Macedonian,F,2.6
countrylanguage,BGR,Romani,F,3.7
countrylanguage,BGR,Turkish,F,9.4
countrylanguage,BHR,Arabic,T,67.7
countrylanguage,BHR,English,F,0.0
countrylanguage,BHS,Creole English,F,89.7
countrylanguage,BHS,Creole French,F,10.3
countrylanguage,BIH,Serbo-Croatian,T,99.2
countrylanguage,BLR,Belorussian,T,65.6
countrylanguage,BLR,Polish,F,0.6
countrylanguage,BLR,Russian,T,32.0
countrylanguage,BLR,Ukrainian,F,1.3
countrylanguage,BLZ,English,T,50.8
countrylanguage,BLZ,Garifuna,F,6.8
countrylanguage,BLZ,Maya Languages,F,9.6
countrylanguage,BLZ,Spanish,F,31.6
countrylanguage,BMU,English,T,100.0
countrylanguage,BOL,Aimará,T,3.2
countrylanguage,BOL,Guaraní,F,0.1
countrylanguage,BOL,Ketšua,T,8.1
countrylanguage,BOL,Spanish,T,87.7
countrylanguage,BRA,German,F,0.5
countrylanguage,BRA,Indian Languages,F,0.2
countrylanguage,BRA,Italian,F,0.4
countrylanguage,BRA,Japanese,F,0.4
countrylanguage,BRA,Portuguese,T,97.5
countrylanguage,BRB,Bajan,F,95.1
countrylanguage,BRB,English,T,0.0
countrylanguage,BRN,Chinese,F,9.3
countrylanguage,BRN,English,F,3.1
countrylanguage,BRN,Malay,T,45.5
countrylanguage,BRN,Malay-English,F,28.8
countrylanguage,BTN,Asami,F,15.2
countrylanguage,BTN,Dzongkha,T,50.0
countrylanguage,BTN,Nepali,F,34.8
countrylanguage,BWA,Khoekhoe,F,2.5
countrylanguage,BWA,Ndebele,F,1.3
countrylanguage,BWA,San,F,3.5
countrylanguage,BWA,Shona,F,12.3
countrylanguage,BWA,Tswana,F,75.5
countrylanguage,CAF,Banda,F,23.5
countrylanguage,CAF,Gbaya,F,23.8
countrylanguage,CAF,Mandjia,F,14.8
countrylanguage,CAF,Mbum,F,6.4
countrylanguage,CAF,Ngbaka,F,7.5
countrylanguage,CAF,Sara,F,6.4
countrylanguage,CAN,Chinese,F,2.5
countrylanguage,CAN,Dutch,F,0.5
countrylanguage,CAN,English,T,60.4
countrylanguage,CAN,Eskimo Languages,F,0.1
countrylanguage,CAN,French,T,23.4
countrylanguage,CAN,German,F,1.6
countrylanguage,CAN,Italian,F,1.7
countrylanguage,CAN,Polish,F,0.7
countrylanguage,CAN,Portuguese,F,0.7
countrylanguage,CAN,Punjabi,F,0.7
countrylanguage,CAN,Spanish,F,0.7
countrylanguage,CAN,Ukrainian,F,0.6
countrylanguage,CCK,English,T,0.0
countrylanguage,CCK,Malay,F,0.0
countrylanguage,CHE,French,T,19.2
countrylanguage,CHE,German,T,63.6
countrylanguage,CHE,Italian,T,7.7
countrylanguage,CHE,Romansh,T,0.6
countrylanguage,CHL,Aimará,F,0.5
countrylanguage,CHL,Araucan,F,9.6
countrylanguage,CHL,Rapa nui,F,0.2
countrylanguage,CHL,Spanish,T,89.7
countrylanguage,CHN,Chinese,T,92.0
countrylanguage,CHN,Dong,F,0.2
countrylanguage,CHN,Hui,F,0.8
countrylanguage,CHN,Mantšu,F,0.9
countrylanguage,CHN,Miao,F,0.7
countrylanguage,CHN,Mongolian,F,0.4
countrylanguage,CHN,Puyi,F,0.2
countrylanguage,CHN,Tibetan,F,0.4
countrylanguage,CHN,Tujia,F,0.5
countrylanguage,CHN,Uighur,F,0.6
countrylanguage,CHN,Yi,F,0.6
countrylanguage,CHN,Zhuang,F,1.4
countrylanguage,CIV,[South]Mande,F,7.7
countrylanguage,CIV,Akan,F,30.0
countrylanguage,CIV,Gur,F,11.7
countrylanguage,CIV,Kru,F,10.5
countrylanguage,CIV,Malinke,F,11.4
countrylanguage,CMR,Bamileke-bamum,F,18.6
countrylanguage,CMR,Duala,F,10.9
countrylanguage,CMR,Fang,F,19.7
countrylanguage,CMR,Ful,F,9.6
countrylanguage,CMR,Maka,F,4.9
countrylanguage,CMR,Mandara,F,5.7
countrylanguage,CMR,Masana,F,3.9
countrylanguage,CMR,Tikar,F,7.4
countrylanguage,COD,Boa,F,2.3
countrylanguage,COD,Chokwe,F,1.8
countrylanguage,COD,Kongo,F,16.0
countrylanguage,COD,Luba,F,18.0
countrylanguage,COD,Mongo,F,13.5
countrylanguage,COD,Ngala and Bangi,F,5.8
countrylanguage,COD,Rundi,F,3.8
countrylanguage,COD,Rwanda,F,10.3
countrylanguage,COD,Teke,F,2.7
countrylanguage,COD,Zande,F,6.1
countrylanguage,COG,Kongo,F,51.5
countrylanguage,COG,Mbete,F,4.8
countrylanguage,COG,Mboshi,F,11.4
countrylanguage,COG,Punu,F,2.9
countrylanguage,COG,Sango,F,2.6
countrylanguage,COG,Teke,F,17.3
countrylanguage,COK,English,F,0.0
countrylanguage,COK,Maori,T,0.0
countrylanguage,COL,Arawakan,F,0.1
countrylanguage,COL,Caribbean,F,0.1
countrylanguage,COL,Chibcha,F,0.4
countrylanguage,COL,Creole English,F,0.1
countrylanguage,COL,Spanish,T,99.0
countrylanguage,COM,Comorian,T,75.0
countrylanguage,COM,Comorian-Arabic,F,1.6
countrylanguage,COM,Comorian-French,F,12.9
countrylanguage,COM,Comorian-madagassi,F,5.5
countrylanguage,COM,Comorian-Swahili,F,0.5
countrylanguage,CPV,Crioulo,F,100.0
countrylanguage,CPV,Portuguese,T,0.0
countrylanguage,CRI,Chibcha,F,0.3
countrylanguage,CRI,Chinese,F,0.2
countrylanguage,CRI,Creole English,F,2.0
countrylanguage,CRI,Spanish,T,97.5
countrylanguage,CUB,Spanish,T,100.0
countrylanguage,CXR,Chinese,F,0.0
countrylanguage,CXR,English,T,0.0
countrylanguage,CYM,English,T,0.0
countrylanguage,CYP,Greek,T,74.1
countrylanguage,CYP,Turkish,T,22.4
countrylanguage,CZE,Czech,T,81.2
countrylanguage,CZE,German,F,0.5
countrylanguage,CZE,Hungarian,F,0.2
countrylanguage,CZE,Moravian,F,12.9
countrylanguage,CZE,Polish,F,0.6
countrylanguage,CZE,Romani,F,0.3
countrylanguage,CZE,Silesiana,F,0.4
countrylanguage,CZE,Slovak,F,3.1
countrylanguage,DEU,German,T,91.3
countrylanguage,DEU,Greek,F,0.4
countrylanguage,DEU,Italian,F,0.7
countrylanguage,DEU,Polish,F,0.3
countrylanguage,DEU,Southern Slavic Languages,F,1.4
countrylanguage,DEU,Turkish,F,2.6
countrylanguage,DJI,Afar,F,34.8
countrylanguage,DJI,Arabic,T,10.6
countrylanguage,DJI,Somali,F,43.9
countrylanguage,DMA,Creole English,F,100.0
countrylanguage,DMA,Creole French,F,0.0
countrylanguage,DNK,Arabic,F,0.7
countrylanguage,DNK,Danish,T,93.5
countrylanguage,DNK,English,F,0.3
countrylanguage,DNK,German,F,0.5
countrylanguage,DNK,Norwegian,F,0.3
countrylanguage,DNK,Swedish,F,0.3
countrylanguage,DNK,Turkish,F,0.8
countrylanguage,DOM,Creole French,F,2.0
countrylanguage,DOM,Spanish,T,98.0
countrylanguage,DZA,Arabic,T,86.0
countrylanguage,DZA,Berberi,F,14.0
countrylanguage,ECU,Ketšua,F,7.0
countrylanguage,ECU,Spanish,T,93.0
countrylanguage,EGY,Arabic,T,98.8
countrylanguage,EGY,Sinaberberi,F,0.0
countrylanguage,ERI,Afar,F,4.3
countrylanguage,ERI,Bilin,F,3.0
countrylanguage,ERI,Hadareb,F,3.8
countrylanguage,ERI,Saho,F,3.0
countrylanguage,ERI,Tigre,F,31.7
countrylanguage,ERI,Tigrinja,T,49.1
countrylanguage,ESH,Arabic,T,100.0
countrylanguage,ESP,Basque,F,1.6
countrylanguage,ESP,Catalan,F,16.9
countrylanguage,ESP,Galecian,F,6.4
countrylanguage,ESP,Spanish,T,74.4
countrylanguage,EST,Belorussian,F,1.4
countrylanguage,EST,Estonian,T,65.3
countrylanguage,EST,Finnish,F,0.7
countrylanguage,EST,Russian,F,27.8
countrylanguage,EST,Ukrainian,F,2.8
countrylanguage,ETH,Amhara,F,30.0
countrylanguage,ETH,Gurage,F,4.7
countrylanguage,ETH,Oromo,F,31.0
countrylanguage,ETH,Sidamo,F,3.2
countrylanguage,ETH,Somali,F,4.1
countrylanguage,ETH,Tigrinja,F,7.2
countrylanguage,ETH,Walaita,F,2.8
countrylanguage,FIN,Estonian,F,0.2
countrylanguage,FIN,Finnish,T,92.7
countrylanguage,FIN,Russian,F,0.4
countrylanguage,FIN,Saame,F,0.0
countrylanguage,FIN,Swedish,T,5.7
countrylanguage,FJI,Fijian,T,50.8
countrylanguage,FJI,Hindi,F,43.7
countrylanguage,FLK,English,T,0.0
countrylanguage,FRA,Arabic,F,2.5
countrylanguage,FRA,French,T,93.6
countrylanguage,FRA,Italian,F,0.4
countrylanguage,FRA,Portuguese,F,1.2
countrylanguage,FRA,Spanish,F,0.4
countrylanguage,FRA,Turkish,F,0.4
countrylanguage,FRO,Danish,T,0.0
countrylanguage,FRO,Faroese,T,100.0
countrylanguage,FSM,Kosrean,F,7.3
countrylanguage,FSM,Mortlock,F,7.6
countrylanguage,FSM,Pohnpei,F,23.8
countrylanguage,FSM,Trukese,F,41.6
countrylanguage,FSM,Wolea,F,3.7
countrylanguage,FSM,Yap,F,5.8
countrylanguage,GAB,Fang,F,35.8
countrylanguage,GAB,Mbete,F,13.8
countrylanguage,GAB,Mpongwe,F,14.6
countrylanguage,GAB,Punu-sira-nzebi,F,17.1
countrylanguage,GBR,English,T,97.3
countrylanguage,GBR,Gaeli,F,0.1
countrylanguage,GBR,Kymri,F,0.9
countrylanguage,GEO,Abhyasi,F,1.7
countrylanguage,GEO,Armenian,F,6.8
countrylanguage,GEO,Azerbaijani,F,5.5
countrylanguage,GEO,Georgiana,T,71.7
countrylanguage,GEO,Osseetti,F,2.4
countrylanguage,GEO,Russian,F,8.8
countrylanguage,GHA,Akan,F,52.4
countrylanguage,GHA,Ewe,F,11.9
countrylanguage,GHA,Ga-adangme,F,7.8
countrylanguage,GHA,Gurma,F,3.3
countrylanguage,GHA,Joruba,F,1.3
countrylanguage,GHA,Mossi,F,15.8
countrylanguage,GIB,Arabic,F,7.4
countrylanguage,GIB,English,T,88.9
countrylanguage,GIN,Ful,F,38.6
countrylanguage,GIN,Kissi,F,6.0
countrylanguage,GIN,Kpelle,F,4.6
countrylanguage,GIN,Loma,F,2.3
countrylanguage,GIN,Malinke,F,23.2
countrylanguage,GIN,Susu,F,11.0
countrylanguage,GIN,Yalunka,F,2.9
countrylanguage,GLP,Creole French,F,95.0
countrylanguage,GLP,French,T,0.0
countrylanguage,GMB,Diola,F,9.2
countrylanguage,GMB,Ful,F,16.2
countrylanguage,GMB,Malinke,F,34.1
countrylanguage,GMB,Soninke,F,7.6
countrylanguage,GMB,Wolof,F,12.6
countrylanguage,GNB,Balante,F,14.6
countrylanguage,GNB,Crioulo,F,36.4
countrylanguage,GNB,Ful,F,16.6
countrylanguage,GNB,Malinke,F,6.9
countrylanguage,GNB,Mandyako,F,4.9
countrylanguage,GNB,Portuguese,T,8.1
countrylanguage,GNQ,Bubi,F,8.7
countrylanguage,GNQ,Fang,F,84.8
countrylanguage,GRC,Greek,T,98.5
countrylanguage,GRC,Turkish,F,0.9
countrylanguage,GRD,Creole English,F,100.0
countrylanguage,GRL,Danish,T,12.5
countrylanguage,GRL,Greenlandic,T,87.5
countrylanguage,GTM,Cakchiquel,F,8.9
countrylanguage,GTM,Kekchí,F,4.9
countrylanguage,GTM,Mam,F,2.7
countrylanguage,GTM,Quiché,F,10.1
countrylanguage,GTM,Spanish,T,64.7
countrylanguage,GUF,Creole French,F,94.3
countrylanguage,GUF,Indian Languages,F,1.9
countrylanguage,GUM,Chamorro,T,29.6
countrylanguage,GUM,English,T,37.5
countrylanguage,GUM,Japanese,F,2.0
countrylanguage,GUM,Korean,F,3.3
countrylanguage,GUM,Philippene Languages,F,19.7
countrylanguage,GUY,Arawakan,F,1.4
countrylanguage,GUY,Caribbean,F,2.2
countrylanguage,GUY,Creole English,F,96.4
countrylanguage,HKG,Canton Chinese,F,88.7
countrylanguage,HKG,Chiu chau,F,1.4
countrylanguage,HKG,English,T,2.2
countrylanguage,HKG,Fukien,F,1.9
countrylanguage,HKG,Hakka,F,1.6
countrylanguage,HND,Creole English,F,0.2
countrylanguage,HND,Garifuna,F,1.3
countrylanguage,HND,Miskito,F,0.2
countrylanguage,HND,Spanish,T,97.2
countrylanguage,HRV,Serbo-Croatian,T,95.9
countrylanguage,HRV,Slovene,F,0.0
countrylanguage,HTI,French,T,0.0
countrylanguage,HTI,Haiti Creole,F,100.0
countrylanguage,HUN,German,F,0.4
countrylanguage,HUN,Hungarian,T,98.5
countrylanguage,HUN,Romani,F,0.5
countrylanguage,HUN,Romanian,F,0.1
countrylanguage,HUN,Serbo-Croatian,F,0.2
countrylanguage,HUN,Slovak,F,0.1
countrylanguage,IDN,Bali,F,1.7
countrylanguage,IDN,Banja,F,1.8
countrylanguage,IDN,Batakki,F,2.2
countrylanguage,IDN,Bugi,F,2.2
countrylanguage,IDN,Javanese,F,39.4
countrylanguage,IDN,Madura,F,4.3
countrylanguage,IDN,Malay,T,12.1
countrylanguage,IDN,Minangkabau,F,2.4
countrylanguage,IDN,Sunda,F,15.8
countrylanguage,IND,Asami,F,1.5
countrylanguage,IND,Bengali,F,8.2
countrylanguage,IND,Gujarati,F,4.8
countrylanguage,IND,Hindi,T,39.9
countrylanguage,IND,Kannada,F,3.9
countrylanguage,IND,Malajalam,F,3.6
countrylanguage,IND,Marathi,F,7.4
countrylanguage,IND,Orija,F,3.3
countrylanguage,IND,Punjabi,F,2.8
countrylanguage,IND,Tamil,F,6.3
countrylanguage,IND,Telugu,F,7.8
countrylanguage,IND,Urdu,F,5.1
countrylanguage,IRL,English,T,98.4
countrylanguage,IRL,Irish,T,1.6
countrylanguage,IRN,Arabic,F,2.2
countrylanguage,IRN,Azerbaijani,F,16.8
countrylanguage,IRN,Bakhtyari,F,1.7
countrylanguage,IRN,Balochi,F,2.3
countrylanguage,IRN,Gilaki,F,5.3
countrylanguage,IRN,Kurdish,F,9.1
countrylanguage,IRN,Luri,F,4.3
countrylanguage,IRN,Mazandarani,F,3.6
countrylanguage,IRN,Persian,T,45.7
countrylanguage,IRN,Turkmenian,F,1.6
countrylanguage,IRQ,Arabic,T,77.2
countrylanguage,IRQ,Assyrian,F,0.8
countrylanguage,IRQ,Azerbaijani,F,1.7
countrylanguage,IRQ,Kurdish,F,19.0
countrylanguage,IRQ,Persian,F,0.8
countrylanguage,ISL,English,F,0.0
countrylanguage,ISL,Icelandic,T,95.7
countrylanguage,ISR,Arabic,T,18.0
countrylanguage,ISR,Hebrew,T,63.1
countrylanguage,ISR,Russian,F,8.9
countrylanguage,ITA,Albaniana,F,0.2
countrylanguage,ITA,French,F,0.5
countrylanguage,ITA,Friuli,F,1.2
countrylanguage,ITA,German,F,0.5
countrylanguage,ITA,Italian,T,94.1
countrylanguage,ITA,Romani,F,0.2
countrylanguage,ITA,Sardinian,F,2.7
countrylanguage,ITA,Slovene,F,0.2
countrylanguage,JAM,Creole English,F,94.2
countrylanguage,JAM,Hindi,F,1.9
countrylanguage,JOR,Arabic,T,97.9
countrylanguage,JOR,Armenian,F,1.0
countrylanguage,JOR,Circassian,F,1.0
countrylanguage,JPN,Ainu,F,0.0
countrylanguage,JPN,Chinese,F,0.2
countrylanguage,JPN,English,F,0.1
countrylanguage,JPN,Japanese,T,99.1
countrylanguage,JPN,Korean,F,0.5
countrylanguage,JPN,Philippene Languages,F,0.1
countrylanguage,KAZ,German,F,3.1
countrylanguage,KAZ,Kazakh,T,46.0
countrylanguage,KAZ,Russian,F,34.7
countrylanguage,KAZ,Tatar,F,2.0
countrylanguage,KAZ,Ukrainian,F,5.0
countrylanguage,KAZ,Uzbek,F,2.3
countrylanguage,KEN,Gusii,F,6.1
countrylanguage,KEN,Kalenjin,F,10.8
countrylanguage,KEN,Kamba,F,11.2
countrylanguage,KEN,Kikuyu,F,20.9
countrylanguage,KEN,Luhya,F,13.8
countrylanguage,KEN,Luo,F,12.8
countrylanguage,KEN,Masai,F,1.6
countrylanguage,KEN,Meru,F,5.5
countrylanguage,KEN,Nyika,F,4.8
countrylanguage,KEN,Turkana,F,1.4
countrylanguage,KGZ,Kazakh,F,0.8
countrylanguage,KGZ,Kirgiz,T,59.7
countrylanguage,KGZ,Russian,T,16.2
countrylanguage,KGZ,Tadzhik,F,0.8
countrylanguage,KGZ,Tatar,F,1.3
countrylanguage,KGZ,Ukrainian,F,1.7
countrylanguage,KGZ,Uzbek,F,14.1
countrylanguage,KHM,Chinese,F,3.1
countrylanguage,KHM,Khmer,T,88.6
countrylanguage,KHM,Tšam,F,2.4
countrylanguage,KHM,Vietnamese,F,5.5
countrylanguage,KIR,Kiribati,T,98.9
countrylanguage,KIR,Tuvalu,F,0.5
countrylanguage,KNA,Creole English,F,100.0
countrylanguage,KNA,English,T,0.0
countrylanguage,KOR,Chinese,F,0.1
countrylanguage,KOR,Korean,T,99.9
countrylanguage,KWT,Arabic,T,78.1
countrylanguage,KWT,English,F,0.0
countrylanguage,LAO,Lao,T,67.2
countrylanguage,LAO,Lao-Soung,F,5.2
countrylanguage,LAO,Mon-khmer,F,16.5
countrylanguage,LAO,Thai,F,7.8
countrylanguage,LBN,Arabic,T,93.0
countrylanguage,LBN,Armenian,F,5.9
countrylanguage,LBN,French,F,0.0
countrylanguage,LBR,Bassa,F,13.7
countrylanguage,LBR,Gio,F,7.9
countrylanguage,LBR,Grebo,F,8.9
countrylanguage,LBR,Kpelle,F,19.5
countrylanguage,LBR,Kru,F,7.2
countrylanguage,LBR,Loma,F,5.8
countrylanguage,LBR,Malinke,F,5.1
countrylanguage,LBR,Mano,F,7.2
countrylanguage,LBY,Arabic,T,96.0
countrylanguage,LBY,Berberi,F,1.0
countrylanguage,LCA,Creole French,F,80.0
countrylanguage,LCA,English,T,20.0
countrylanguage,LIE,German,T,89.0
countrylanguage,LIE,Italian,F,2.5
countrylanguage,LIE,Turkish,F,2.5
countrylanguage,LKA,Mixed Languages,F,19.6
countrylanguage,LKA,Singali,T,60.3
countrylanguage,LKA,Tamil,T,19.6
countrylanguage,LSO,English,T,0.0
countrylanguage,LSO,Sotho,T,85.0
countrylanguage,LSO,Zulu,F,15.0
countrylanguage,LTU,Belorussian,F,1.4
countrylanguage,LTU,Lithuanian,T,81.6
countrylanguage,LTU,Polish,F,7.0
countrylanguage,LTU,Russian,F,8.1
countrylanguage,LTU,Ukrainian,F,1.1
countrylanguage,LUX,French,T,4.2
countrylanguage,LUX,German,T,2.3
countrylanguage,LUX,Italian,F,4.6
countrylanguage,LUX,Luxembourgish,T,64.4
countrylanguage,LUX,Portuguese,F,13.0
countrylanguage,LVA,Belorussian,F,4.1
countrylanguage,LVA,Latvian,T,55.1
countrylanguage,LVA,Lithuanian,F,1.2
countrylanguage,LVA,Polish,F,2.1
countrylanguage,LVA,Russian,F,32.5
countrylanguage,LVA,Ukrainian,F,2.9
countrylanguage,MAC,Canton Chinese,F,85.6
countrylanguage,MAC,English,F,0.5
countrylanguage,MAC,Mandarin Chinese,F,1.2
countrylanguage,MAC,Portuguese,T,2.3
countrylanguage,MAR,Arabic,T,65.0
countrylanguage,MAR,Berberi,F,33.0
countrylanguage,MCO,English,F,6.5
countrylanguage,MCO,French,T,41.9
countrylanguage,MCO,Italian,F,16.1
countrylanguage,MCO,Monegasque,F,16.1
countrylanguage,MDA,Bulgariana,F,1.6
countrylanguage,MDA,Gagauzi,F,3.2
countrylanguage,MDA,Romanian,T,61.9
countrylanguage,MDA,Russian,F,23.2
countrylanguage,MDA,Ukrainian,F,8.6
countrylanguage,MDG,French,T,0.0
countrylanguage,MDG,Malagasy,T,98.9
countrylanguage,MDV,Dhivehi,T,100.0
countrylanguage,MDV,English,F,0.0
countrylanguage,MEX,Mixtec,F,0.6
countrylanguage,MEX,Náhuatl,F,1.8
countrylanguage,MEX,Otomí,F,0.4
countrylanguage,MEX,Spanish,T,92.1
countrylanguage,MEX,Yucatec,F,1.1
countrylanguage,MEX,Zapotec,F,0.6
countrylanguage,MHL,English,T,0.0
countrylanguage,MHL,Marshallese,T,96.8
countrylanguage,MKD,Albaniana,F,22.9
countrylanguage,MKD,Macedonian,T,66.5
countrylanguage,MKD,Romani,F,2.3
countrylanguage,MKD,Serbo-Croatian,F,2.0
countrylanguage,MKD,Turkish,F,4.0
countrylanguage,MLI,Bambara,F,31.8
countrylanguage,MLI,Ful,F,13.9
countrylanguage,MLI,Senufo and Minianka,F,12.0
countrylanguage,MLI,Songhai,F,6.9
countrylanguage,MLI,Soninke,F,8.7
countrylanguage,MLI,Tamashek,F,7.3
countrylanguage,MLT,English,T,2.1
countrylanguage,MLT,Maltese,T,95.8
countrylanguage,MMR,Burmese,T,69.0
countrylanguage,MMR,Chin,F,2.2
countrylanguage,MMR,Kachin,F,1.4
countrylanguage,MMR,Karen,F,6.2
countrylanguage,MMR,Kayah,F,0.4
countrylanguage,MMR,Mon,F,2.4
countrylanguage,MMR,Rakhine,F,4.5
countrylanguage,MMR,Shan,F,8.5
countrylanguage,MNG,Bajad,F,1.9
countrylanguage,MNG,Buryat,F,1.7
countrylanguage,MNG,Dariganga,F,1.4
countrylanguage,MNG,Dorbet,F,2.7
countrylanguage,MNG,Kazakh,F,5.9
countrylanguage,MNG,Mongolian,T,78.8
countrylanguage,MNP,Carolinian,F,4.8
countrylanguage,MNP,Chamorro,F,30.0
countrylanguage,MNP,Chinese,F,7.1
countrylanguage,MNP,English,T,4.8
countrylanguage,MNP,Korean,F,6.5
countrylanguage,MNP,Philippene Languages,F,34.1
countrylanguage,MOZ,Chuabo,F,5.7
countrylanguage,MOZ,Lomwe,F,7.8
countrylanguage,MOZ,Makua,F,27.8
countrylanguage,MOZ,Marendje,F,3.5
countrylanguage,MOZ,Nyanja,F,3.3
countrylanguage,MOZ,Ronga,F,3.7
countrylanguage,MOZ,Sena,F,9.4
countrylanguage,MOZ,Shona,F,6.5
countrylanguage,MOZ,Tsonga,F,12.4
countrylanguage,MOZ,Tswa,F,6.0
countrylanguage,MRT,Ful,F,1.2
countrylanguage,MRT,Hassaniya,F,81.7
countrylanguage,MRT,Soninke,F,2.7
countrylanguage,MRT,Tukulor,F,5.4
countrylanguage,MRT,Wolof,F,6.6
countrylanguage,MRT,Zenaga,F,1.2
countrylanguage,MSR,English,T,0.0
countrylanguage,MTQ,Creole French,F,96.6
countrylanguage,MTQ,French,T,0.0
countrylanguage,MUS,Bhojpuri,F,21.1
countrylanguage,MUS,Creole French,F,70.6
countrylanguage,MUS,French,F,3.4
countrylanguage,MUS,Hindi,F,1.2
countrylanguage,MUS,Marathi,F,0.7
countrylanguage,MUS,Tamil,F,0.8
countrylanguage,MWI,Chichewa,T,58.3
countrylanguage,MWI,Lomwe,F,18.4
countrylanguage,MWI,Ngoni,F,6.7
countrylanguage,MWI,Yao,F,13.2
countrylanguage,MYS,Chinese,F,9.0
countrylanguage,MYS,Dusun,F,1.1
countrylanguage,MYS,English,F,1.6
countrylanguage,MYS,Iban,F,2.8
countrylanguage,MYS,Malay,T,58.4
countrylanguage,MYS,Tamil,F,3.9
countrylanguage,MYT,French,T,20.3
countrylanguage,MYT,Mahoré,F,41.9
countrylanguage,MYT,Malagasy,F,16.1
countrylanguage,NAM,Afrikaans,F,9.5
countrylanguage,NAM,Caprivi,F,4.7
countrylanguage,NAM,German,F,0.9
countrylanguage,NAM,Herero,F,8.0
countrylanguage,NAM,Kavango,F,9.7
countrylanguage,NAM,Nama,F,12.4
countrylanguage,NAM,Ovambo,F,50.7
countrylanguage,NAM,San,F,1.9
countrylanguage,NCL,French,T,34.3
countrylanguage,NCL,Malenasian Languages,F,45.4
countrylanguage,NCL,Polynesian Languages,F,11.6
countrylanguage,NER,Ful,F,9.7
countrylanguage,NER,Hausa,F,53.1
countrylanguage,NER,Kanuri,F,4.4
countrylanguage,NER,Songhai-zerma,F,21.2
countrylanguage,NER,Tamashek,F,10.4
countrylanguage,NFK,English,T,0.0
countrylanguage,NGA,Bura,F,1.6
countrylanguage,NGA,Edo,F,3.3
countrylanguage,NGA,Ful,F,11.3
countrylanguage,NGA,Hausa,F,21.1
countrylanguage,NGA,Ibibio,F,5.6
countrylanguage,NGA,Ibo,F,18.1
countrylanguage,NGA,Ijo,F,1.8
countrylanguage,NGA,Joruba,F,21.4
countrylanguage,NGA,Kanuri,F,4.1
countrylanguage,NGA,Tiv,F,2.3
countrylanguage,NIC,Creole English,F,0.5
countrylanguage,NIC,Miskito,F,1.6
countrylanguage,NIC,Spanish,T,97.6
countrylanguage,NIC,Sumo,F,0.2
countrylanguage,NIU,English,T,0.0
countrylanguage,NIU,Niue,F,0.0
countrylanguage,NLD,Arabic,F,0.9
countrylanguage,NLD,Dutch,T,95.6
countrylanguage,NLD,Fries,F,3.7
countrylanguage,NLD,Turkish,F,0.8
countrylanguage,NOR,Danish,F,0.4
countrylanguage,NOR,English,F,0.5
countrylanguage,NOR,Norwegian,T,96.6
countrylanguage,NOR,Saame,F,0.0
countrylanguage,NOR,Swedish,F,0.3
countrylanguage,NPL,Bhojpuri,F,7.5
countrylanguage,NPL,Hindi,F,3.0
countrylanguage,NPL,Maithili,F,11.9
countrylanguage,NPL,Nepali,T,50.4
countrylanguage,NPL,Newari,F,3.7
countrylanguage,NPL,Tamang,F,4.9
countrylanguage,NPL,Tharu,F,5.4
countrylanguage,NRU,Chinese,F,8.5
countrylanguage,NRU,English,T,7.5
countrylanguage,NRU,Kiribati,F,17.9
countrylanguage,NRU,Nauru,T,57.5
countrylanguage,NRU,Tuvalu,F,8.5
countrylanguage,NZL,English,T,87.0
countrylanguage,NZL,Maori,F,4.3
countrylanguage,OMN,Arabic,T,76.7
countrylanguage,OMN,Balochi,F,0.0
countrylanguage,PAK,Balochi,F,3.0
countrylanguage,PAK,Brahui,F,1.2
countrylanguage,PAK,Hindko,F,2.4
countrylanguage,PAK,Pashto,F,13.1
countrylanguage,PAK,Punjabi,F,48.2
countrylanguage,PAK,Saraiki,F,9.8
countrylanguage,PAK,Sindhi,F,11.8
countrylanguage,PAK,Urdu,T,7.6
countrylanguage,PAN,Arabic,F,0.6
countrylanguage,PAN,Creole English,F,14.0
countrylanguage,PAN,Cuna,F,2.0
countrylanguage,PAN,Embera,F,0.6
countrylanguage,PAN,Guaymí,F,5.3
countrylanguage,PAN,Spanish,T,76.8
countrylanguage,PCN,Pitcairnese,F,0.0
countrylanguage,PER,Aimará,T,2.3
countrylanguage,PER,Ketšua,T,16.4
countrylanguage,PER,Spanish,T,79.8
countrylanguage,PHL,Bicol,F,5.7
countrylanguage,PHL,Cebuano,F,23.3
countrylanguage,PHL,Hiligaynon,F,9.1
countrylanguage,PHL,Ilocano,F,9.3
countrylanguage,PHL,Maguindanao,F,1.4
countrylanguage,PHL,Maranao,F,1.3
countrylanguage,PHL,Pampango,F,3.0
countrylanguage,PHL,Pangasinan,F,1.8
countrylanguage,PHL,Pilipino,T,29.3
countrylanguage,PHL,Waray-waray,F,3.8
countrylanguage,PLW,Chinese,F,1.6
countrylanguage,PLW,English,T,3.2
countrylanguage,PLW,Palau,T,82.2
countrylanguage,PLW,Philippene Languages,F,9.2
countrylanguage,PNG,Malenasian Languages,F,20.0
countrylanguage,PNG,Papuan Languages,F,78.1
countrylanguage,POL,Belorussian,F,0.5
countrylanguage,POL,German,F,1.3
countrylanguage,POL,Polish,T,97.6
countrylanguage,POL,Ukrainian,F,0.6
countrylanguage,PRI,English,F,47.4
countrylanguage,PRI,Spanish,T,51.3
countrylanguage,PRK,Chinese,F,0.1
countrylanguage,PRK,Korean,T,99.9
countrylanguage,PRT,Portuguese,T,99.0
countrylanguage,PRY,German,F,0.9
countrylanguage,PRY,Guaraní,T,40.1
countrylanguage,PRY,Portuguese,F,3.2
countrylanguage,PRY,Spanish,T,55.1
countrylanguage,PSE,Arabic,F,95.9
countrylanguage,PSE,Hebrew,F,4.1
countrylanguage,PYF,Chinese,F,2.9
countrylanguage,PYF,French,T,40.8
countrylanguage,PYF,Tahitian,F,46.4
countrylanguage,QAT,Arabic,T,40.7
countrylanguage,QAT,Urdu,F,0.0
countrylanguage,REU,Chinese,F,2.8
countrylanguage,REU,Comorian,F,2.8
countrylanguage,REU,Creole French,F,91.5
countrylanguage,REU,Malagasy,F,1.4
countrylanguage,REU,Tamil,F,0.0
countrylanguage,ROM,German,F,0.4
countrylanguage,ROM,Hungarian,F,7.2
countrylanguage,ROM,Romani,T,0.7
countrylanguage,ROM,Romanian,T,90.7
countrylanguage,ROM,Serbo-Croatian,F,0.1
countrylanguage,ROM,Ukrainian,F,0.3
countrylanguage,RUS,Avarian,F,0.4
countrylanguage,RUS,Bashkir,F,0.7
countrylanguage,RUS,Belorussian,F,0.3
countrylanguage,RUS,Chechen,F,0.6
countrylanguage,RUS,Chuvash,F,0.9
countrylanguage,RUS,Kazakh,F,0.4
countrylanguage,RUS,Mari,F,0.4
countrylanguage,RUS,Mordva,F,0.5
countrylanguage,RUS,Russian,T,86.6
countrylanguage,RUS,Tatar,F,3.2
countrylanguage,RUS,Udmur,F,0.3
countrylanguage,RUS,Ukrainian,F,1.3
countrylanguage,RWA,French,T,0.0
countrylanguage,RWA,Rwanda,T,100.0
countrylanguage,SAU,Arabic,T,95.0
countrylanguage,SDN,Arabic,T,49.4
countrylanguage,SDN,Bari,F,2.5
countrylanguage,SDN,Beja,F,6.4
countrylanguage,SDN,Chilluk,F,1.7
countrylanguage,SDN,Dinka,F,11.5
countrylanguage,SDN,Fur,F,2.1
countrylanguage,SDN,Lotuko,F,1.5
countrylanguage,SDN,Nubian Languages,F,8.1
countrylanguage,SDN,Nuer,F,4.9
countrylanguage,SDN,Zande,F,2.7
countrylanguage,SEN,Diola,F,5.0
countrylanguage,SEN,Ful,F,21.7
countrylanguage,SEN,Malinke,F,3.8
countrylanguage,SEN,Serer,F,12.5
countrylanguage,SEN,Soninke,F,1.3
countrylanguage,SEN,Wolof,T,48.1
countrylanguage,SGP,Chinese,T,77.1
countrylanguage,SGP,Malay,T,14.1
countrylanguage,SGP,Tamil,T,7.4
countrylanguage,SHN,English,T,0.0
countrylanguage,SJM,Norwegian,T,0.0
countrylanguage,SJM,Russian,F,0.0
countrylanguage,SLB,Malenasian Languages,F,85.6
countrylanguage,SLB,Papuan Languages,F,8.6
countrylanguage,SLB,Polynesian Languages,F,3.8
countrylanguage,SLE,Bullom-sherbro,F,3.8
countrylanguage,SLE,Ful,F,3.8
countrylanguage,SLE,Kono-vai,F,5.1
countrylanguage,SLE,Kuranko,F,3.4
countrylanguage,SLE,Limba,F,8.3
countrylanguage,SLE,Mende,F,34.8
countrylanguage,SLE,Temne,F,31.8
countrylanguage,SLE,Yalunka,F,3.4
countrylanguage,SLV,Nahua,F,0.0
countrylanguage,SLV,Spanish,T,100.0
countrylanguage,SMR,Italian,T,100.0
countrylanguage,SOM,Arabic,T,0.0
countrylanguage,SOM,Somali,T,98.3
countrylanguage,SPM,French,T,0.0
countrylanguage,STP,Crioulo,F,86.3
countrylanguage,STP,French,F,0.7
countrylanguage,SUR,Hindi,F,0.0
countrylanguage,SUR,Sranantonga,F,81.0
countrylanguage,SVK,Czech and Moravian,F,1.1
countrylanguage,SVK,Hungarian,F,10.5
countrylanguage,SVK,Romani,F,1.7
countrylanguage,SVK,Slovak,T,85.6
countrylanguage,SVK,Ukrainian and Russian,F,0.6
countrylanguage,SVN,Hungarian,F,0.5
countrylanguage,SVN,Serbo-Croatian,F,7.9
countrylanguage,SVN,Slovene,T,87.9
countrylanguage,SWE,Arabic,F,0.8
countrylanguage,SWE,Finnish,F,2.4
countrylanguage,SWE,Norwegian,F,0.5
countrylanguage,SWE,Southern Slavic Languages,F,1.3
countrylanguage,SWE,Spanish,F,0.6
countrylanguage,SWE,Swedish,T,89.5
countrylanguage,SWZ,Swazi,T,89.9
countrylanguage,SWZ,Zulu,F,2.0
countrylanguage,SYC,English,T,3.8
countrylanguage,SYC,French,T,1.3
countrylanguage,SYC,Seselwa,F,91.3
countrylanguage,SYR,Arabic,T,90.0
countrylanguage,SYR,Kurdish,F,9.0
countrylanguage,TCA,English,T,0.0
countrylanguage,TCD,Arabic,T,12.3
countrylanguage,TCD,Gorane,F,6.2
countrylanguage,TCD,Hadjarai,F,6.7
countrylanguage,TCD,Kanem-bornu,F,9.0
countrylanguage,TCD,Mayo-kebbi,F,11.5
countrylanguage,TCD,Ouaddai,F,8.7
countrylanguage,TCD,Sara,F,27.7
countrylanguage,TCD,Tandjile,F,6.5
countrylanguage,TGO,Ane,F,5.7
countrylanguage,TGO,Ewe,T,23.2
countrylanguage,TGO,Gurma,F,3.4
countrylanguage,TGO,Kabyé,T,13.8
countrylanguage,TGO,Kotokoli,F,5.7
countrylanguage,TGO,Moba,F,5.4
countrylanguage,TGO,Naudemba,F,4.1
countrylanguage,TGO,Watyi,F,10.3
countrylanguage,THA,Chinese,F,12.1
countrylanguage,THA,Khmer,F,1.3
countrylanguage,THA,Kuy,F,1.1
countrylanguage,THA,Lao,F,26.9
countrylanguage,THA,Malay,F,3.6
countrylanguage,THA,Thai,T,52.6
countrylanguage,TJK,Russian,F,9.7
countrylanguage,TJK,Tadzhik,T,62.2
countrylanguage,TJK,Uzbek,F,23.2
countrylanguage,TKL,English,T,0.0
countrylanguage,TKL,Tokelau,F,0.0
countrylanguage,TKM,Kazakh,F,2.0
countrylanguage,TKM,Russian,F,6.7
countrylanguage,TKM,Turkmenian,T,76.7
countrylanguage,TKM,Uzbek,F,9.2
countrylanguage,TMP,Portuguese,T,0.0
countrylanguage,TMP,Sunda,F,0.0
countrylanguage,TON,English,T,0.0
countrylanguage,TON,Tongan,T,98.3
countrylanguage,TTO,Creole English,F,2.9
countrylanguage,TTO,English,F,93.5
countrylanguage,TTO,Hindi,F,3.4
countrylanguage,TUN,Arabic,T,69.9
countrylanguage,TUN,Arabic-French,F,26.3
countrylanguage,TUN,Arabic-French-English,F,3.2
countrylanguage,TUR,Arabic,F,1.4
countrylanguage,TUR,Kurdish,F,10.6
countrylanguage,TUR,Turkish,T,87.6
countrylanguage,TUV,English,T,0.0
countrylanguage,TUV,Kiribati,F,7.5
countrylanguage,TUV,Tuvalu,T,92.5
countrylanguage,TWN,Ami,F,0.6
countrylanguage,TWN,Atayal,F,0.4
countrylanguage,TWN,Hakka,F,11.0
countrylanguage,TWN,Mandarin Chinese,T,20.1
countrylanguage,TWN,Min,F,66.7
countrylanguage,TWN,Paiwan,F,0.3
countrylanguage,TZA,Chaga and Pare,F,4.9
countrylanguage,TZA,Gogo,F,3.9
countrylanguage,TZA,Ha,F,3.5
countrylanguage,TZA,Haya,F,5.9
countrylanguage,TZA,Hehet,F,6.9
countrylanguage,TZA,Luguru,F,4.9
countrylanguage,TZA,Makonde,F,5.9
countrylanguage,TZA,Nyakusa,F,5.4
countrylanguage,TZA,Nyamwesi,F,21.1
countrylanguage,TZA,Shambala,F,4.3
countrylanguage,TZA,Swahili,T,8.8
countrylanguage,UGA,Acholi,F,4.4
countrylanguage,UGA,Ganda,F,18.1
countrylanguage,UGA,Gisu,F,4.5
countrylanguage,UGA,Kiga,F,8.3
countrylanguage,UGA,Lango,F,5.9
countrylanguage,UGA,Lugbara,F,4.7
countrylanguage,UGA,Nkole,F,10.7
countrylanguage,UGA,Rwanda,F,3.2
countrylanguage,UGA,Soga,F,8.2
countrylanguage,UGA,Teso,F,6.0
countrylanguage,UKR,Belorussian,F,0.3
countrylanguage,UKR,Bulgariana,F,0.3
countrylanguage,UKR,Hungarian,F,0.3
countrylanguage,UKR,Polish,F,0.1
countrylanguage,UKR,Romanian,F,0.7
countrylanguage,UKR,Russian,F,32.9
countrylanguage,UKR,Ukrainian,T,64.7
countrylanguage,UMI,English,T,0.0
countrylanguage,URY,Spanish,T,95.7
countrylanguage,USA,Chinese,F,0.6
countrylanguage,USA,English,T,86.2
countrylanguage,USA,French,F,0.7
countrylanguage,USA,German,F,0.7
countrylanguage,USA,Italian,F,0.6
countrylanguage,USA,Japanese,F,0.2
countrylanguage,USA,Korean,F,0.3
countrylanguage,USA,Polish,F,0.3
countrylanguage,USA,Portuguese,F,0.2
countrylanguage,USA,Spanish,F,7.5
countrylanguage,USA,Tagalog,F,0.4
countrylanguage,USA,Vietnamese,F,0.2
countrylanguage,UZB,Karakalpak,F,2.0
countrylanguage,UZB,Kazakh,F,3.8
countrylanguage,UZB,Russian,F,10.9
countrylanguage,UZB,Tadzhik,F,4.4
countrylanguage,UZB,Tatar,F,1.8
countrylanguage,UZB,Uzbek,T,72.6
countrylanguage,VAT,Italian,T,0.0
countrylanguage,VCT,Creole English,F,99.1
countrylanguage,VCT,English,T,0.0
countrylanguage,VEN,Goajiro,F,0.4
countrylanguage,VEN,Spanish,T,96.9
countrylanguage,VEN,Warrau,F,0.1
countrylanguage,VGB,English,T,0.0
countrylanguage,VIR,English,T,81.7
countrylanguage,VIR,French,F,2.5
countrylanguage,VIR,Spanish,F,13.3
countrylanguage,VNM,Chinese,F,1.4
countrylanguage,VNM,Khmer,F,1.4
countrylanguage,VNM,Man,F,0.7
countrylanguage,VNM,Miao,F,0.9
countrylanguage,VNM,Muong,F,1.5
countrylanguage,VNM,Nung,F,1.1
countrylanguage,VNM,Thai,F,1.6
countrylanguage,VNM,Tho,F,1.8
countrylanguage,VNM,Vietnamese,T,86.8
countrylanguage,VUT,Bislama,T,56.6
countrylanguage,VUT,English,T,28.3
countrylanguage,VUT,French,T,14.2
countrylanguage,WLF,Futuna,F,0.0
countrylanguage,WLF,Wallis,F,0.0
countrylanguage,WSM,English,T,0.6
countrylanguage,WSM,Samoan,T,47.5
countrylanguage,WSM,Samoan-English,F,52.0
countrylanguage,YEM,Arabic,T,99.6
countrylanguage,YEM,Soqutri,F,0.0
countrylanguage,YUG,Albaniana,F,16.5
countrylanguage,YUG,Hungarian,F,3.4
countrylanguage,YUG,Macedonian,F,0.5
countrylanguage,YUG,Romani,F,1.4
countrylanguage,YUG,Serbo-Croatian,T,75.2
countrylanguage,YUG,Slovak,F,0.7
countrylanguage,ZAF,Afrikaans,T,14.3
countrylanguage,ZAF,English,T,8.5
countrylanguage,ZAF,Ndebele,F,1.5
countrylanguage,ZAF,Northsotho,F,9.1
countrylanguage,ZAF,Southsotho,F,7.6
countrylanguage,ZAF,Swazi,F,2.5
countrylanguage,ZAF,Tsonga,F,4.3
countrylanguage,ZAF,Tswana,F,8.1
countrylanguage,ZAF,Venda,F,2.2
countrylanguage,ZAF,Xhosa,T,17.7
countrylanguage,ZAF,Zulu,T,22.7
countrylanguage,ZMB,Bemba,F,29.7
countrylanguage,ZMB,Chewa,F,5.7
countrylanguage,ZMB,Lozi,F,6.4
countrylanguage,ZMB,Nsenga,F,4.3
countrylanguage,ZMB,Nyanja,F,7.8
countrylanguage,ZMB,Tongan,F,11.0
countrylanguage,ZWE,English,T,2.2
countrylanguage,ZWE,Ndebele,F,16.2
countrylanguage,ZWE,Nyanja,F,2.2
countrylanguage,ZWE,Shona,F,72.1
